time,subj_course_id,sec_code,sec_id,prof,available,waitlist,total,enrolled_ct
1713198450036,ANAR 104,A01,494247,Staff,20,0,20,0
1713198451069,ANAR 116,A00,514004,Shtienberg; Gilad,40,0,40,0
1713198452096,ANBI 136,A00,494249,Semendeferi; Ekaterini,20,0,20,0
1713198454150,ANSC 109,A00,519401,Hallingstad Obrien; Dylan Jam,40,0,40,0
1713198455180,ANSC 120,A00,494251,Bialecki; Jon Anthony,40,0,40,0
1713198456204,ANSC 121,A00,514030,Sloane; Julia Kathryn,40,0,40,0
1713198457233,ANSC 144,A00,494252,Staff,40,0,40,0
1713198458262,ANSC 165,A00,494253,Staff,30,0,30,0
1713198459288,ANTH 3,A01,494241,Staff,40,0,40,0
1713198460314,ANTH 23,A01,494243,Stewart; Alexander B,50,0,50,0
1713198461340,ANTH 42,A01,494245,Wilder; Linnea Lorene,40,0,40,0
1713198462368,ANTH 101,A01,494255,Algaze; Guillermo,50,0,50,0
1713198463393,ANTH 108,A00,494256,Staff,40,0,40,0
1713198464437,AWP 10,001,511647,Given; William Allan,0,0,0,0
1713198464437,AWP 10,002,511648,Gardella; Alexander Drew,0,0,0,0
1713198464437,AWP 10,003,511649,Grant; Melinda G,0,0,0,0
1713198464437,AWP 10,004,511759,Jones; William Jadie,0,0,0,0
1713198464437,AWP 10,005,511767,Eastin; Schuyler E.,0,0,0,0
1713198464437,AWP 10,006,511768,Heiser; Jerrod A,0,0,0,0
1713198464437,AWP 10,007,511770,Zimmerman; Guy,0,0,0,0
1713198464437,AWP 10,008,511779,Christie; Veronica Ann,0,0,0,0
1713198464437,AWP 10,009,511780,Given; William Allan,0,0,0,0
1713198464437,AWP 10,010,511787,Gardella; Alexander Drew,0,0,0,0
1713198464437,AWP 10,011,511790,Grant; Melinda G,0,0,0,0
1713198464437,AWP 10,012,511842,Jones; William Jadie,0,0,0,0
1713198464437,AWP 10,013,511870,Hall; Graham T,0,0,0,0
1713198464437,AWP 10,014,511876,Staff,0,0,0,0
1713198464437,AWP 10,015,511884,Kolodezh; Samuel,0,0,0,0
1713198464437,AWP 10,016,511890,Bourdeau; Joseph Albert,0,0,0,0
1713198465474,AWP 10R,001,511892,Coulter; Jane Elisabeth,0,0,0,0
1713198465474,AWP 10R,002,511897,Hall; Graham T,0,0,0,0
1713198465474,AWP 10R,003,511900,Bourdeau; Joseph Albert,0,0,0,0
1713198465474,AWP 10R,004,511902,West; Geoffrey Scott,0,0,0,0
1713198465474,AWP 10R,005,511906,Bolin; Jillian,0,0,0,0
1713198465474,AWP 10R,006,511909,Staff,0,0,0,0
1713198465474,AWP 10R,007,511917,Staff,0,0,0,0
1713198465474,AWP 10R,008,511923,Staff,0,0,0,0
1713198465474,AWP 10R,009,511925,Coulter; Jane Elisabeth,0,0,0,0
1713198465474,AWP 10R,010,511930,Eastin; Schuyler E.,0,0,0,0
1713198465474,AWP 10R,011,511933,Heiser; Jerrod A,0,0,0,0
1713198465474,AWP 10R,012,511935,Zimmerman; Guy,0,0,0,0
1713198465474,AWP 10R,013,511946,Gocsik; Karen Marie,0,0,0,0
1713198465474,AWP 10R,014,511966,Falcon; Jennifer A,0,0,0,0
1713198465474,AWP 10R,015,511967,Ajo; Frances Margaret,0,0,0,0
1713198465474,AWP 10R,016,511968,Wilson; Natalie Ann,0,0,0,0
1713198466503,AWP 102R,A00,511642,Gocsik; Karen Marie,0,0,0,0
1713198466503,AWP 102R,B00,511645,Staff,0,0,0,0
1713198467527,BENG 130,A00,516686,Staff,30,0,30,0
1713198468558,BIBC 100,A01,496809,Boumechache; Miyyada,50,0,50,0
1713198469589,BICD 100,A01,496814,Grossman; Emily N,74,0,75,1
1713198469589,BICD 100,A02,496815,Grossman; Emily N,75,0,75,0
1713198470615,BICD 110,A01,517243,Staff,98,0,100,2
1713198471646,BICD 136,A01,501935,Gustafson-Brown; Cindy,50,0,50,0
1713198472671,BIEB 102,A01,496819,Butler; Shannon Rhey,176,0,176,0
1713198473701,BIEB 134,A01,496821,Staff,15,0,15,0
1713198474730,BIEB 150,A01,496823,Staff,50,0,50,0
1713198475757,BIEB 194,A00,517253,Kurle; Carolyn M.,32,0,32,0
1713198476781,BILD 1,A01,496804,Staff,75,0,75,0
1713198477805,BILD 2,A01,517255,Staff,88,0,88,0
1713198477805,BILD 2,A02,517256,Staff,88,0,88,0
1713198478831,BILD 3,A01,517258,Staff,125,0,125,0
1713198478831,BILD 3,A02,517263,Staff,125,0,125,0
1713198479859,BILD 4,A01,496806,Reuther; Keefe,24,0,24,0
1713198479859,BILD 4,A02,496807,Reuther; Keefe,24,0,24,0
1713198480885,BIMM 100,A01,496825,Staff,63,0,63,0
1713198480885,BIMM 100,A02,496826,Staff,63,0,63,0
1713198481917,BIMM 101,A01,496828,McDonnell; Lisa Marie,24,0,24,0
1713198481917,BIMM 101,A02,496829,McDonnell; Lisa Marie,24,0,24,0
1713198481917,BIMM 101,B01,496831,McDonnell; Lisa Marie,24,0,24,0
1713198481917,BIMM 101,B02,496856,McDonnell; Lisa Marie,24,0,24,0
1713198482942,BIMM 120,A01,496951,Gustafson-Brown; Cindy,63,0,63,0
1713198482942,BIMM 120,A02,496952,Gustafson-Brown; Cindy,63,0,63,0
1713198483969,BIPN 100,A01,496955,Park; Ji Young,65,0,65,0
1713198483969,BIPN 100,A02,497021,Park; Ji Young,65,0,65,0
1713198484996,BIPN 102,A01,517265,Staff,50,0,50,0
1713198486023,BIPN 120,A01,517296,Cooke; James Edward,119,0,120,1
1713198487053,BIPN 134,A01,497029,Cooke; James Edward,128,0,130,2
1713198488086,BISP 194,A00,517516,Staff,0,0,0,0
1713198489115,CAT 124,A01,516014,Rose; Becca Rae,20,0,20,0
1713198490141,CAT 125,A00,516031,Staff,20,0,20,0
1713198491176,CAT 125R,A00,516047,Irwin; Matthew Joseph,20,0,20,0
1713198491176,CAT 125R,B00,516061,Smith; Lauryn Alissa,20,0,20,0
1713198491176,CAT 125R,C00,516062,Morales; Celeste Georgianna,20,0,20,0
1713198491176,CAT 125R,D00,516063,Staff,20,0,20,0
1713198491176,CAT 125R,E00,516064,Rose; Becca Rae,20,0,20,0
1713198492203,CENG 15,A01,494258,Yang; Kesong,25,0,25,0
1713198493230,CGS 101,A00,494351,Abuelhiga; Soraya Jill,20,0,20,0
1713198494256,CGS 105,A00,494352,Nguyen; Hoang Tan,25,0,25,0
1713198495284,CGS 106,A00,494353,Whitley; Leila Marie,25,0,25,0
1713198496314,CGS 114,A00,494354,Wesling; Megan E.,16,0,16,0
1713198497346,CHEM 4,A01,494261,Bussey; Thomas J,100,0,100,0
1713198498372,CHEM 6A,A01,494264,Staff,100,0,100,0
1713198499398,CHEM 6B,A01,494266,Hopkins; Patrycja Anna,100,0,100,0
1713198500424,CHEM 6C,A01,494268,Bussey; Thomas J,99,0,100,1
1713198501454,CHEM 40A,A01,501910,Staff,100,0,100,0
1713198502481,CHEM 40B,A01,494273,Hopkins; Patrycja Anna,100,0,100,0
1713198503513,CHEM 41B,A01,500353,Oconnor; Joseph M.,100,0,100,0
1713198505568,COGS 14A,A01,518831,Staff,60,0,60,0
1713198506598,COGS 15,A01,494283,Bergen; Benjamin,30,0,30,0
1713198507626,COGS 18,A01,494285,Morgan; Eric,74,0,75,1
1713198508659,COGS 20,A01,494287,Borgo; David Garcia,5,0,5,0
1713198508659,COGS 20,A02,494288,Borgo; David Garcia,5,0,5,0
1713198509685,COGS 100,A01,494290,Allen; Michael Gordon,60,0,60,0
1713198510715,COGS 101B,A01,494292,Staff,30,0,30,0
1713198511742,COGS 101C,A01,494294,Staff,30,0,30,0
1713198512768,COGS 102A,A01,494296,Johnson; Christine M.,40,0,40,0
1713198513792,COGS 107B,A01,494298,Mooshagian; Eric Frederick,79,0,80,1
1713198514817,COGS 118B,A01,494300,Staff,40,0,40,0
1713198515842,COGS 150,A01,494302,Bergen; Benjamin,30,0,30,0
1713198516867,COGS 153,A00,494303,Staff,30,0,30,0
1713198517893,COGS 187A,A01,494305,Boyle; Mary E. T.,40,0,40,0
1713198518922,COMM 10,A01,494309,Staff,25,0,25,0
1713198518922,COMM 10,A02,494310,Staff,25,0,25,0
1713198519950,COMM 100B,A01,494312,Staff,25,0,25,0
1713198519950,COMM 100B,A02,494313,Staff,25,0,25,0
1713198520975,COMM 100C,A01,494315,Staff,25,0,25,0
1713198520975,COMM 100C,A02,494316,Staff,25,0,25,0
1713198522002,COMM 110G,A00,494317,Whitworth-Smith; Andrew C,35,0,35,0
1713198523029,COMM 111B,A00,494318,Staff,35,0,35,0
1713198524061,COMM 113T,A00,494319,Staff,35,0,35,0
1713198524061,COMM 113T,B00,494320,Staff,35,0,35,0
1713198524061,COMM 113T,C00,512573,Staff,35,0,35,0
1713198525087,COMM 120I,A00,494321,Staff,30,0,30,0
1713198526112,COMM 146,A00,494322,Staff,30,0,30,0
1713198527141,CSE 8A,A50,494326,Solares; Edwin A,40,0,40,0
1713198527141,CSE 8A,A51,494327,Solares; Edwin A,40,0,40,0
1713198527141,CSE 8A,B50,494330,Solares; Edwin A,40,0,40,0
1713198527141,CSE 8A,B51,494331,Solares; Edwin A,40,0,40,0
1713198528170,CSE 11,A01,494333,Cao; Yingjun,30,0,30,0
1713198528170,CSE 11,B01,494335,Cao; Yingjun,30,0,30,0
1713198529201,CSE 20,A01,494337,Staff,45,0,45,0
1713198530230,CSE 21,A01,494339,Staff,100,0,100,0
1713198531256,CSE 30,A01,510866,Eldon; John,200,0,200,0
1713198532284,CSE 140,A01,494349,Staff,50,0,50,0
1713198533312,CSE 142,A01,523433,Staff,60,0,60,0
1713198534338,CSE 142L,A01,523464,Staff,60,0,60,0
1713198535364,DSC 30,A01,624999,Staff,50,0,50,0
1713198536391,DSC 40A,A01,625081,Staff,40,0,40,0
1713198537416,DSC 40B,A01,625113,Staff,50,0,50,0
1713198538441,DSC 80,A01,625118,Staff,50,0,50,0
1713198540586,ECE 5,A01,494470,Morris; Karcher William,25,0,25,0
1713198541615,ECE 101,A01,494472,Baghdadchi; Saharnaz,69,0,70,1
1713198542645,ECE 148,A01,505729,Silberman; Jack,0,0,0,0
1713198543672,ECON 1,A01,494418,Crane; Meredith Helen,70,0,70,0
1713198544702,ECON 2,A01,512752,Crane; Meredith Helen,70,0,70,0
1713198545729,ECON 3,A01,494420,Rondina; Giacomo,70,0,70,0
1713198546755,ECON 4,A01,505805,Anderson; John Charles,0,0,0,0
1713198547786,ECON 100A,A01,494424,Newhouse; Herbert S,70,0,70,0
1713198548815,ECON 100B,A01,494426,Levkoff; Steven B.,70,0,70,0
1713198549844,ECON 100C,A01,494428,Newhouse; Herbert S,70,0,70,0
1713198550875,ECON 105,A00,512753,Vespa; Emanuel Ignacio,34,0,35,1
1713198551903,ECON 109,A01,518779,Watson; Joel Christopher,35,0,35,0
1713198552932,ECON 112,A00,512758,Rondina; Giacomo,20,0,20,0
1713198553968,ECON 120B,A01,494434,Staff,70,0,70,0
1713198554996,ECON 144,A00,494435,Squires; Dale E,35,0,35,0
1713198556022,ECON 183,A00,494440,Wu; Pak Yeung,35,0,35,0
1713198557049,EDS 111,A00,494463,Staff,30,0,30,0
1713198558080,EDS 115,A00,494464,Mendez; Kathrina Mendoza,25,0,25,0
1713198559109,EDS 117,A01,494466,Staff,30,0,30,0
1713198560137,EDS 124AR,A00,511140,Staff,75,0,75,0
1713198561168,EDS 124BR,A00,516877,Simon; Elizabeth A,75,0,75,0
1713198562194,EDS 125,A00,494468,Staff,30,0,30,0
1713198563222,ENG 15,A00,494355,Staff,30,0,30,0
1713198563222,ENG 15,B00,494356,Staff,30,0,30,0
1713198563222,ENG 15,C00,494357,Staff,30,0,30,0
1713198563222,ENG 15,D00,494358,Staff,30,0,30,0
1713198563222,ENG 15,E00,494359,Staff,30,0,30,0
1713198564251,ETHN 2R,A01,494474,Espiritu; Yen,28,0,28,0
1713198564251,ETHN 2R,A02,494475,Espiritu; Yen,28,0,28,0
1713198565283,ETHN 116,A00,494476,Staff,36,0,36,0
1713198566307,ETHN 139,A00,494477,Staff,10,0,10,0
1713198567333,ETHN 142,A00,494478,Tanaka; Elaine Gale-armon,29,0,30,1
1713198568362,ETHN 154,A00,494479,Staff,8,0,8,0
1713198569391,ETHN 161,A00,494480,Browne; Errol Tsekani,36,0,36,0
1713198570417,ETHN 163J,A00,494481,Man; Simeon S,8,0,8,0
1713198571443,ETHN 168,A00,494482,Staff,10,0,10,0
1713198572471,ETHN 182,A00,494483,Staff,36,0,36,0
1713198573496,ETHN 183,A00,494484,Wesling; Megan E.,16,0,16,0
1713198574524,FMPH 40,A00,516669,Staff,50,0,50,0
1713198575554,FMPH 151,A00,516670,Staff,30,0,30,0
1713198576579,GLBH 20,A00,494487,Stewart; Alexander B,40,0,40,0
1713198577605,GLBH 111,A01,494489,Burgos; Jose L.,15,0,15,0
1713198578634,GLBH 181,A00,494490,Staff,40,0,40,0
1713198579662,HDS 60,A01,494548,Warstadt; Melissa Fawn,80,0,80,0
1713198580690,HIEA 132,A00,494509,Staff,32,0,32,0
1713198581716,HIEU 104,A00,494510,Staff,30,0,30,0
1713198582742,HIEU 106,A00,494511,Staff,32,0,32,0
1713198583776,HIEU 114,A00,494512,Staff,32,0,32,0
1713198584801,HIEU 128,A00,511388,Gyamfi; Bright,32,0,32,0
1713198585828,HIEU 148,A00,494513,Staff,32,0,32,0
1713198586855,HIEU 154,A00,494514,Biess; Frank Peter,20,0,20,0
1713198587881,HILD 2C,A01,494498,Staff,30,0,30,0
1713198588907,HILD 7A,A01,494500,Widener; Daniel,29,0,30,1
1713198589933,HILD 7B,A01,494502,Man; Simeon S,30,0,30,0
1713198590963,HILD 14,A01,494504,Vitz; Matthew,32,0,32,0
1713198591995,HILD 20,A01,494506,Staff,32,0,32,0
1713198593020,HILD 30,A01,494508,Staff,32,0,32,0
1713198594049,HISC 119,A00,494515,Golan; Tal,31,0,32,1
1713198595075,HITO 133,A00,494516,Biess; Frank Peter,32,0,32,0
1713198596101,HITO 155,A00,494517,Widener; Daniel,32,0,32,0
1713198597129,HITO 156GS,A00,494518,Patterson; Patrick H.,20,0,20,0
1713198598155,HIUS 113,A00,494543,Staff,24,0,24,0
1713198599182,HIUS 125,A00,494544,Man; Simeon S,24,0,24,0
1713198600228,HIUS 143,A00,494521,Kwak; Nancy,32,0,32,0
1713198601255,HIUS 149,A00,494522,Gyamfi; Bright,32,0,32,0
1713198602281,HUM 3,A01,512670,Staff,50,0,50,0
1713198602281,HUM 3,B01,512675,Rodriguez; Bretton Sigfred,49,0,50,1
1713198603306,HUM 3GS,A00,512668,Patterson; Patrick H.,0,0,0,0
1713198604331,HUM 4,A01,512686,Staff,50,0,50,0
1713198605357,HUM 4R,A01,512683,Zavodny; Tatiana Sophia,50,0,50,0
1713198606385,HUM 5,A01,512738,West; Geoffrey Scott,50,0,50,0
1713198606385,HUM 5,A02,512749,West; Geoffrey Scott,49,0,50,1
1713198607411,INTL 190,A00,494491,Segui; Alan S,0,0,0,0
1713198608444,JAPN 180,A00,494492,Berman; Michael David,40,0,40,0
1713198609470,LATI 10,A01,502922,Kennemore; Amy Michelle,25,0,25,0
1713198609470,LATI 10,A02,502923,Kennemore; Amy Michelle,25,0,25,0
1713198609470,LATI 10,A03,502971,Kennemore; Amy Michelle,25,0,25,0
1713198609470,LATI 10,A04,503054,Kennemore; Amy Michelle,25,0,25,0
1713198610500,LATI 180,A00,503120,Kennemore; Amy Michelle,30,0,30,0
1713198611528,LAWS 101,A00,494550,Golan; Tal,50,0,50,0
1713198612556,LIFR 1C,A00,494553,Van Moer; Vinciane G,20,0,20,0
1713198613586,LIFR 1CX,A00,494554,Van Moer; Vinciane G,20,0,20,0
1713198614610,LIFR 1D,A00,494555,Van Moer; Vinciane G,20,0,20,0
1713198615638,LIFR 1DX,A00,494556,Van Moer; Vinciane G,20,0,20,0
1713198616664,LIGN 7,A00,494557,Staff,50,0,50,0
1713198617690,LIGN 17,A00,494558,Kehler; Andrew Scott,150,0,150,0
1713198618721,LTCS 130,A00,494563,Staff,25,0,25,0
1713198619750,LTEA 120A,A00,494564,Staff,40,0,40,0
1713198620787,LTEA 132,A00,494565,Mendoza; Andrea,40,0,40,0
1713198621812,LTEN 178,A00,494566,Staff,15,0,15,0
1713198622842,LTEN 180,A00,494567,Staff,15,0,15,0
1713198623869,LTSP 175,A00,494568,Staff,24,0,25,1
1713198624896,LTWL 100,A00,494569,Myerston Santana; Jacobo,40,0,40,0
1713198625920,LTWL 181,A00,494570,Staff,25,0,25,0
1713198626946,LTWR 100,A00,494571,Staff,15,0,15,0
1713198627972,LTWR 102,A00,494572,Doller; Ben,15,0,15,0
1713198629000,MAE 8,A01,494601,Truong; Phuong Thi Ngoc,0,0,0,0
1713198630030,MAE 20,A00,494602,Evdokimenko; Ekaterina,70,0,70,0
1713198631059,MAE 30B,A00,494603,Ghazinejad; Maziar,40,0,40,0
1713198632087,MAE 40,A00,494604,Staff,50,0,50,0
1713198633117,MAE 101B,A00,494605,Ramanarayanan; Sankaran,40,0,40,0
1713198634143,MAE 105,A00,494606,Bandaru; Prabhakar,55,0,55,0
1713198635185,MAE 107,A00,505197,Pham; Hieu Tan,70,0,70,0
1713198636214,MAE 131B,A00,512750,Ghazinejad; Maziar,40,0,40,0
1713198637239,MAE 143B,A00,494608,Staff,30,0,30,0
1713198638268,MAE 148,A01,505735,Silberman; Jack,24,0,24,0
1713198639294,MAE 160,A00,494611,Evdokimenko; Ekaterina,60,0,60,0
1713198640322,MATH 2,A01,497060,Staff,35,0,35,0
1713198640322,MATH 2,B01,497062,Staff,35,0,35,0
1713198641348,MATH 3C,A01,497064,Staff,30,0,30,0
1713198641348,MATH 3C,A02,497164,Staff,30,0,30,0
1713198641348,MATH 3C,B01,497166,Staff,30,0,30,0
1713198641348,MATH 3C,B02,497167,Staff,30,0,30,0
1713198641348,MATH 3C,C01,497181,Staff,30,0,30,0
1713198642373,MATH 4C,A01,497201,Staff,35,0,35,0
1713198643405,MATH 10A,A01,497203,Staff,30,0,30,0
1713198643405,MATH 10A,A02,497217,Staff,30,0,30,0
1713198643405,MATH 10A,B01,497219,Staff,30,0,30,0
1713198644490,MATH 10B,A01,497233,Staff,30,0,30,0
1713198644490,MATH 10B,A02,497245,Staff,30,0,30,0
1713198644490,MATH 10B,A03,497256,Staff,30,0,30,0
1713198644490,MATH 10B,A04,497258,Staff,30,0,30,0
1713198644490,MATH 10B,B01,497292,Staff,30,0,30,0
1713198644490,MATH 10B,B02,497294,Staff,30,0,30,0
1713198644490,MATH 10B,B03,497306,Staff,30,0,30,0
1713198644490,MATH 10B,B04,497317,Staff,30,0,30,0
1713198645521,MATH 10C,A01,497331,Habib; Yousaf,30,0,30,0
1713198645521,MATH 10C,A02,497340,Habib; Yousaf,30,0,30,0
1713198645521,MATH 10C,A03,497342,Habib; Yousaf,30,0,30,0
1713198645521,MATH 10C,A04,497344,Habib; Yousaf,30,0,30,0
1713198645521,MATH 10C,B01,497365,Habib; Yousaf,30,0,30,0
1713198645521,MATH 10C,B02,497367,Habib; Yousaf,30,0,30,0
1713198645521,MATH 10C,B03,497369,Habib; Yousaf,30,0,30,0
1713198645521,MATH 10C,B04,497381,Habib; Yousaf,30,0,30,0
1713198646557,MATH 18,A01,497418,Bach; Quang Tran,30,0,30,0
1713198646557,MATH 18,A02,497421,Bach; Quang Tran,30,0,30,0
1713198646557,MATH 18,B01,497424,Bach; Quang Tran,30,0,30,0
1713198646557,MATH 18,B02,497446,Bach; Quang Tran,30,0,30,0
1713198647587,MATH 20A,A01,497449,Staff,30,0,30,0
1713198647587,MATH 20A,A02,497472,Staff,30,0,30,0
1713198647587,MATH 20A,B01,497486,Staff,30,0,30,0
1713198648620,MATH 20B,A01,497488,Ohm; Ko Woon,30,0,30,0
1713198648620,MATH 20B,A02,497492,Ohm; Ko Woon,30,0,30,0
1713198648620,MATH 20B,B01,497494,Ohm; Ko Woon,30,0,30,0
1713198648620,MATH 20B,B02,497516,Ohm; Ko Woon,30,0,30,0
1713198649646,MATH 20C,A01,497521,Harel; Guershon,30,0,30,0
1713198649646,MATH 20C,A02,497522,Harel; Guershon,30,0,30,0
1713198649646,MATH 20C,B01,497527,Harel; Guershon,30,0,30,0
1713198649646,MATH 20C,B02,497528,Harel; Guershon,30,0,30,0
1713198650681,MATH 20D,A01,497537,Hammock; Frances H,30,0,30,0
1713198650681,MATH 20D,A02,497538,Hammock; Frances H,30,0,30,0
1713198650681,MATH 20D,B01,497565,Hammock; Frances H,30,0,30,0
1713198650681,MATH 20D,B02,497852,Hammock; Frances H,30,0,30,0
1713198651712,MATH 20E,A01,497937,Staff,30,0,30,0
1713198651712,MATH 20E,A02,497938,Staff,30,0,30,0
1713198652746,MATH 102,A01,497961,Zhang; Ming,29,0,30,1
1713198652746,MATH 102,A02,497962,Zhang; Ming,30,0,30,0
1713198653782,MATH 103B,A01,497964,Salehi Golsefidy; Alireza,29,0,30,1
1713198653782,MATH 103B,A02,497968,Salehi Golsefidy; Alireza,30,0,30,0
1713198653782,MATH 103B,B01,518799,Staff,30,0,30,0
1713198654809,MATH 109,A01,497973,Pardo Guerra; Sebastian,30,0,30,0
1713198654809,MATH 109,A02,497974,Pardo Guerra; Sebastian,30,0,30,0
1713198654809,MATH 109,B01,518803,Mohammadi; Amir,30,0,30,0
1713198655836,MATH 120A,A01,497979,Eggers; John Dietrich,35,0,35,0
1713198656872,MATH 142B,A01,497984,Verstraete; Jacques Allan,28,0,30,2
1713198656872,MATH 142B,A02,497988,Staff,30,0,30,0
1713198657899,MATH 154,A01,516672,Bach; Quang Tran,29,0,30,1
1713198657899,MATH 154,A02,516673,Bach; Quang Tran,30,0,30,0
1713198657899,MATH 154,A03,516674,Bach; Quang Tran,30,0,30,0
1713198658926,MATH 170A,A01,497994,Nie; Jiawang,35,0,35,0
1713198658926,MATH 170A,A02,497998,Nie; Jiawang,35,0,35,0
1713198658926,MATH 170A,A03,498001,Nie; Jiawang,35,0,35,0
1713198658926,MATH 170A,A04,498004,Nie; Jiawang,35,0,35,0
1713198659952,MATH 180A,A01,498008,Staff,30,0,30,0
1713198659952,MATH 180A,A02,498009,Staff,30,0,30,0
1713198660978,MATH 183,A01,498017,Staff,30,0,30,0
1713198660978,MATH 183,A02,498019,Staff,30,0,30,0
1713198662010,MATH 185,A01,498153,Staff,35,0,35,0
1713198663034,MATH 193B,A01,498155,Staff,30,0,30,0
1713198663034,MATH 193B,A02,498156,Staff,30,0,30,0
1713198663034,MATH 193B,A03,498157,Staff,30,0,30,0
1713198664065,MGT 4,A01,505807,Anderson; John Charles,88,0,88,0
1713198665094,MGT 12,A00,505745,Lindenberger; Wade Douglas,98,0,98,0
1713198666122,MGT 18,A00,505746,Chamberlain; Travis Dean,96,0,98,2
1713198667154,MGT 45,A00,505747,Pecore; Joseph P.,98,0,98,0
1713198668183,MGT 100,A00,505748,Yavorsky; Daniel Ryan,98,0,98,0
1713198669210,MGT 103,A00,505749,Ehrich; Kristine R,98,0,98,0
1713198671261,MGT 112,A00,505764,Ehrich; Kristine R,97,0,98,1
1713198672286,MGT 121A,A00,505765,Staff,98,0,98,0
1713198673313,MGT 131B,A00,505766,Anderson; John Charles,98,0,98,0
1713198674349,MGT 137,A00,505803,Lindenberger; Wade Douglas,98,0,98,0
1713198675374,MGT 162R,A00,523731,Saccardo; Silvia,150,0,150,0
1713198676400,MGT 164,A00,495902,Zimmermann; Carsten,98,0,98,0
1713198677430,MGT 180,A00,495903,Bliss; Barbara Ann,97,0,98,1
1713198678457,MMW 11R,A01,494575,Herbst; Matthew,30,0,30,0
1713198678457,MMW 11R,A02,494576,Herbst; Matthew,30,0,30,0
1713198679481,MMW 15,A01,494578,Chang; Edmond Yi-Teh,28,0,28,0
1713198679481,MMW 15,A02,494579,Chang; Edmond Yi-Teh,28,0,28,0
1713198679481,MMW 15,A03,494580,Chang; Edmond Yi-Teh,28,0,28,0
1713198679481,MMW 15,A04,494581,Chang; Edmond Yi-Teh,28,0,28,0
1713198679481,MMW 15,B01,494583,Adamiak; Patrick John,28,0,28,0
1713198679481,MMW 15,B02,494584,Adamiak; Patrick John,28,0,28,0
1713198679481,MMW 15,B03,494585,Adamiak; Patrick John,28,0,28,0
1713198679481,MMW 15,B04,494586,Adamiak; Patrick John,28,0,28,0
1713198680512,MMW 122,A01,494593,Rahimi; Babak,28,0,28,0
1713198680512,MMW 122,A02,494594,Rahimi; Babak,28,0,28,0
1713198680512,MMW 122,A03,494595,Rahimi; Babak,0,0,0,0
1713198680512,MMW 122,A04,494596,Rahimi; Babak,0,0,0,0
1713198681538,MUS 1A,A01,498164,Staff,25,0,25,0
1713198681538,MUS 1A,A02,498165,Staff,25,0,25,0
1713198682564,MUS 4,A01,498167,Staff,25,0,25,0
1713198682564,MUS 4,A02,498168,Staff,25,0,25,0
1713198683591,MUS 5R,A01,498170,Dubnov; Shlomo,24,0,25,1
1713198683591,MUS 5R,A02,498171,Dubnov; Shlomo,25,0,25,0
1713198684617,MUS 6,A01,498173,Staff,25,0,25,0
1713198685640,MUS 7,A01,498175,Staff,25,0,25,0
1713198685640,MUS 7,A02,498176,Staff,25,0,25,0
1713198686667,MUS 8,A01,498178,Borgo; David Garcia,24,0,25,1
1713198686667,MUS 8,A02,498179,Borgo; David Garcia,25,0,25,0
1713198687693,MUS 11,A01,498182,Staff,25,0,25,0
1713198687693,MUS 11,A02,498210,Staff,25,0,25,0
1713198688722,MUS 13,A01,498240,Staff,25,0,25,0
1713198688722,MUS 13,A02,498241,Staff,25,0,25,0
1713198689747,MUS 15,A01,498243,Staff,25,0,25,0
1713198689747,MUS 15,A02,498244,Staff,25,0,25,0
1713198689747,MUS 15,B01,498246,Staff,25,0,25,0
1713198689747,MUS 15,B02,498247,Staff,25,0,25,0
1713198690775,MUS 20,A01,498249,Borgo; David Garcia,20,0,20,0
1713198690775,MUS 20,A02,498250,Borgo; David Garcia,20,0,20,0
1713198691802,MUS 80,A00,498258,Staff,20,0,20,0
1713198691802,MUS 80,B00,498260,Staff,25,0,25,0
